,version,time (s),peak memory
0,"v2: no GPU, yes sparse",33.37444448471069,37597125
1,"v3: yes GPU, no sparse",2.552764654159546,25832404
2,"v4: yes GPU, yes sparse",12.208630323410034,17121887
