,version,time (s),peak memory
0,"v3: yes GPU, no sparse",19.412495136260986,616186194
1,"v4: yes GPU, yes sparse",29.92202401161194,4295231
