,version,time (s),peak memory
0,"v2: no GPU, yes sparse",238.76454782485962,506893722
1,"v3: yes GPU, no sparse",20.445427179336548,616192214
2,"v4: yes GPU, yes sparse",29.510007619857788,4305698
