,version,time (s),peak memory
0,"v3: yes GPU, no sparse",19.576208114624023,616184304
1,"v4: yes GPU, yes sparse",30.012896060943604,4296479
