,version,time (s),peak memory
0,"v3: yes GPU, no sparse",19.457197666168213,616184020
1,"v4: yes GPU, yes sparse",29.53246259689331,4295215
