,version,time (s),peak memory
0,"v2: no GPU, yes sparse",238.87402415275574,506891713
1,"v3: yes GPU, no sparse",19.828566312789917,616184761
2,"v4: yes GPU, yes sparse",29.509995937347412,4298031
