,version,time (s),peak memory
0,"v3: yes GPU, no sparse",113.56748366355896,2464522009
1,"v4: yes GPU, yes sparse",672.8199617862701,17542427
