,version,time (s),peak memory
0,"v3: yes GPU, no sparse",101.02905416488647,2464520999
1,"v4: yes GPU, yes sparse",113.99749827384949,17543019
